word,artist,YorN
ใน,4.76190476190476,n
ภูเก็ต,4.76190476190476,n
qualif,2.38095238095238,n
บริษัท,2.38095238095238,n
จะ,2.38095238095238,n
เป็นพิเศษ,2.38095238095238,n
มี,2.38095238095238,n
เพศชาย,2.38095238095238,n
งาน,2.38095238095238,n
ความรับผิดชอบ,2.38095238095238,n
locat,2.38095238095238,n
ขยัน,2.38095238095238,n
ฝ่าย,2.38095238095238,n
มีประสบการณ์,2.38095238095238,n
contact,2.38095238095238,n
จำกัด,2.38095238095238,n
การทำงาน,2.38095238095238,n
กะ,2.38095238095238,n
อายุ,2.38095238095238,n
ปี,2.38095238095238,n
ขึ้นไป,2.38095238095238,n
พิจารณา,2.38095238095238,n
หญิง,2.38095238095238,n
ถนน,2.38095238095238,n
บุคคล,2.38095238095238,n
ซื่อสัตย์,2.38095238095238,n
อดทน,2.38095238095238,n
จ,2.38095238095238,n
วิง,2.38095238095238,n
ราษฎร์,2.38095238095238,n
งอ,2.38095238095238,n
อุทิศ,2.38095238095238,n
ทู้,2.38095238095238,n
ป่า,2.38095238095238,n
ตอ,2.38095238095238,n
carpent,2.38095238095238,y
painter,2.38095238095238,y
เบย์,2.38095238095238,n
ชอร์,2.38095238095238,n
ปีต,2.38095238095238,n
